[
  {
    "value": "pepper",
    "synonyms": [
      "pepper"
    ]
  },
  {
    "value": "vegetarian",
    "synonyms": [
      "vegetarian",
      "veggie"
    ]
  },
  {
    "value": "cheese",
    "synonyms": [
      "cheese"
    ]
  },
  {
    "value": "jalapeno",
    "synonyms": [
      "jalapeno",
      "hot peppers"
    ]
  },
  {
    "value": "chicken",
    "synonyms": [
      "chicken"
    ]
  },
  {
    "value": "onion",
    "synonyms": [
      "onion"
    ]
  },
  {
    "value": "ham",
    "synonyms": [
      "ham"
    ]
  },
  {
    "value": "sausage",
    "synonyms": [
      "sausage"
    ]
  }
]