[
  {
    "id": "cdf1ec8b-b473-4f95-88be-5bef70511167",
    "data": [
      {
        "text": "one chocolate ",
        "userDefined": false
      },
      {
        "text": "smoothie",
        "meta": "@drink_composite",
        "alias": "drink_composite",
        "userDefined": false
      },
      {
        "text": " please",
        "userDefined": false
      }
    ],
    "isTemplate": false,
    "count": 0,
    "lang": "en",
    "updated": 0
  },
  {
    "id": "ce2d0606-466f-47e1-89a8-e6c9377477c1",
    "data": [
      {
        "text": "I want one ",
        "userDefined": false
      },
      {
        "text": "vanilla milkshake with 2%",
        "meta": "@drink_composite",
        "alias": "drink_composite",
        "userDefined": false
      },
      {
        "text": " milk",
        "userDefined": false
      }
    ],
    "isTemplate": false,
    "count": 0,
    "lang": "en",
    "updated": 0
  },
  {
    "id": "5dbcc248-2912-492d-ba97-47456bf52c69",
    "data": [
      {
        "text": "i want a ",
        "userDefined": false
      },
      {
        "text": "small",
        "meta": "@size",
        "alias": "size",
        "userDefined": false
      },
      {
        "text": " ",
        "userDefined": false
      },
      {
        "text": "strawberry smoothie",
        "meta": "@drink_composite",
        "alias": "drink_composite",
        "userDefined": false
      }
    ],
    "isTemplate": false,
    "count": 0,
    "lang": "en",
    "updated": 0
  },
  {
    "id": "4100d8cb-7d9a-4aba-a713-35b703a03201",
    "data": [
      {
        "text": "I would like a ",
        "userDefined": false
      },
      {
        "text": "mocha smoothie",
        "meta": "@drink_composite",
        "alias": "drink_composite",
        "userDefined": false
      }
    ],
    "isTemplate": false,
    "count": 0,
    "lang": "en",
    "updated": 0
  }
]