[
  {
    "id": "58171279-70e9-424d-bc71-2258e9c912db",
    "data": [
      {
        "text": "when do you close?",
        "userDefined": false
      }
    ],
    "isTemplate": false,
    "count": 0,
    "lang": "en",
    "updated": 0
  },
  {
    "id": "4b75ccf5-916d-4c16-9d86-f9a3659732cc",
    "data": [
      {
        "text": "Are you open ",
        "userDefined": false
      },
      {
        "text": "today",
        "meta": "@sys.date-time",
        "alias": "date-time",
        "userDefined": false
      },
      {
        "text": "?",
        "userDefined": false
      }
    ],
    "isTemplate": false,
    "count": 1,
    "lang": "en",
    "updated": 0
  },
  {
    "id": "cfb1a07c-d5b0-4826-8a5a-9cf31152d956",
    "data": [
      {
        "text": "What time do you open?",
        "userDefined": false
      }
    ],
    "isTemplate": false,
    "count": 0,
    "lang": "en",
    "updated": 0
  },
  {
    "id": "066b0ec2-606c-4cae-bcc2-b987f1dd01e7",
    "data": [
      {
        "text": "are you open right now?",
        "userDefined": false
      }
    ],
    "isTemplate": false,
    "count": 0,
    "lang": "en",
    "updated": 0
  }
]